Workbook

Sheet orders
A1: order_id | B1: order_month | C1: first_name | D1: last_name | E1: region | F1: rep_name | G1: item | H1: quantity | I1: amount | J1: status | K1: clean_first_name | L1: clean_last_name | M1: category | N1: unit_price | O1: revenue_calc | Q1: Missing-key XLOOKUP test
A2: 1001 | B2: 2026-09 | C2: MEERA | D2: Patil | E2: South | F2: Kavya Nair | G2: Bluetooth Speaker | H2: 2 | J2: pending | K2: =PROPER(TRIM(C2)) | L2: =PROPER(TRIM(D2)) | M2: =VLOOKUP(G2,products!$A$2:$C$10,2,FALSE) | N2: =XLOOKUP(G2,products!$A$2:$A$10,products!$C$2:$C$10,"UNKNOWN_ITEM") | O2: =N2*H2 | Q2: Mystery Item | R2: =XLOOKUP(Q2,products!$A$2:$A$10,products!$C$2:$C$10,"UNKNOWN_ITEM")
A3: 1002 | B3: 2026-09 | C3: Nisha | D3: Mishra | E3: West | F3: Neha Kulkarni | G3: Smart Watch | H3: 1 | I3: 4500 | J3: pending | K3: =PROPER(TRIM(C3)) | L3: =PROPER(TRIM(D3)) | M3: =VLOOKUP(G3,products!$A$2:$C$10,2,FALSE) | N3: =XLOOKUP(G3,products!$A$2:$A$10,products!$C$2:$C$10,"UNKNOWN_ITEM") | O3: =N3*H3
A4: 1003 | B4: 2026-09 | C4: Lakshmi | D4: Kapoor | E4: South | F4: Kavya Nair | G4: Air Fryer | H4: 2 | I4: 10400 | J4: disputed | K4: =PROPER(TRIM(C4)) | L4: =PROPER(TRIM(D4)) | M4: =VLOOKUP(G4,products!$A$2:$C$10,2,FALSE) | N4: =XLOOKUP(G4,products!$A$2:$A$10,products!$C$2:$C$10,"UNKNOWN_ITEM") | O4: =N4*H4
A5: 1004 | B5: 2026-09 | C5: Gaurav | D5: Yadav | E5: East | F5: Sanjay Roy | G5: Cotton Kurta | H5: 2 | I5: 2800 | J5: pending | K5: =PROPER(TRIM(C5)) | L5: =PROPER(TRIM(D5)) | M5: =VLOOKUP(G5,products!$A$2:$C$10,2,FALSE) | N5: =XLOOKUP(G5,products!$A$2:$A$10,products!$C$2:$C$10,"UNKNOWN_ITEM") | O5: =N5*H5
A6: 1005 | B6: 2026-09 | C6: Tanvi | D6: Thakur | E6: South | F6: Kavya Nair | G6: Table Lamp | H6: 1 | I6: 1100 | J6: completed | K6: =PROPER(TRIM(C6)) | L6: =PROPER(TRIM(D6)) | M6: =VLOOKUP(G6,products!$A$2:$C$10,2,FALSE) | N6: =XLOOKUP(G6,products!$A$2:$A$10,products!$C$2:$C$10,"UNKNOWN_ITEM") | O6: =N6*H6
A7: 1006 | B7: 2026-09 | C7: Vikram | D7: Singh | E7: North | F7: Arjun Mehta | G7: Smart Watch | H7: 3 | I7: 13500 | J7: completed | K7: =PROPER(TRIM(C7)) | L7: =PROPER(TRIM(D7)) | M7: =VLOOKUP(G7,products!$A$2:$C$10,2,FALSE) | N7: =XLOOKUP(G7,products!$A$2:$A$10,products!$C$2:$C$10,"UNKNOWN_ITEM") | O7: =N7*H7
A8: 1007 | B8: 2026-09 | C8: Tanvi | D8: Thakur | E8: South | F8: Kavya Nair | G8: Bedsheet Set | H8: 1 | I8: 1900 | J8: completed | K8: =PROPER(TRIM(C8)) | L8: =PROPER(TRIM(D8)) | M8: =VLOOKUP(G8,products!$A$2:$C$10,2,FALSE) | N8: =XLOOKUP(G8,products!$A$2:$A$10,products!$C$2:$C$10,"UNKNOWN_ITEM") | O8: =N8*H8
A9: 1008 | B9: 2026-09 | C9: Sneha | D9: Das | E9: West | F9: Neha Kulkarni | G9: Wireless Earbuds | H9: 2 | I9: 6400 | J9: completed | K9: =PROPER(TRIM(C9)) | L9: =PROPER(TRIM(D9)) | M9: =VLOOKUP(G9,products!$A$2:$C$10,2,FALSE) | N9: =XLOOKUP(G9,products!$A$2:$A$10,products!$C$2:$C$10,"UNKNOWN_ITEM") | O9: =N9*H9
A10: 1009 | B10: 2026-09 | C10: RAHUL | D10: VERMA | E10: East | F10: Sanjay Roy | G10: Bedsheet Set | H10: 1 | I10: 1900 | J10: completed | K10: =PROPER(TRIM(C10)) | L10: =PROPER(TRIM(D10)) | M10: =VLOOKUP(G10,products!$A$2:$C$10,2,FALSE) | N10: =XLOOKUP(G10,products!$A$2:$A$10,products!$C$2:$C$10,"UNKNOWN_ITEM") | O10: =N10*H10
A11: 1010 | B11: 2026-09 | C11: Gaurav | D11: Yadav | E11: East | F11: Sanjay Roy | G11: Wireless Earbuds | H11: 1 | J11: pending | K11: =PROPER(TRIM(C11)) | L11: =PROPER(TRIM(D11)) | M11: =VLOOKUP(G11,products!$A$2:$C$10,2,FALSE) | N11: =XLOOKUP(G11,products!$A$2:$A$10,products!$C$2:$C$10,"UNKNOWN_ITEM") | O11: =N11*H11
A12: 1011 | B12: 2026-09 | C12: Isha | D12: Pillai | E12: West | F12: Neha Kulkarni | G12: Air Fryer | H12: 3 | I12: 15600 | J12: disputed | K12: =PROPER(TRIM(C12)) | L12: =PROPER(TRIM(D12)) | M12: =VLOOKUP(G12,products!$A$2:$C$10,2,FALSE) | N12: =XLOOKUP(G12,products!$A$2:$A$10,products!$C$2:$C$10,"UNKNOWN_ITEM") | O12: =N12*H12
A13: 1012 | B13: 2026-09 | C13: Sneha | D13: Das | E13: West | F13: Neha Kulkarni | G13: Running Shoes | H13: 1 | I13: 3600 | J13: completed | K13: =PROPER(TRIM(C13)) | L13: =PROPER(TRIM(D13)) | M13: =VLOOKUP(G13,products!$A$2:$C$10,2,FALSE) | N13: =XLOOKUP(G13,products!$A$2:$A$10,products!$C$2:$C$10,"UNKNOWN_ITEM") | O13: =N13*H13
A14: 1013 | B14: 2026-09 | C14: Harsh | D14: Chopra | E14: East | F14: Sanjay Roy | G14: Smart Watch | H14: 2 | I14: 9000 | J14: disputed | K14: =PROPER(TRIM(C14)) | L14: =PROPER(TRIM(D14)) | M14: =VLOOKUP(G14,products!$A$2:$C$10,2,FALSE) | N14: =XLOOKUP(G14,products!$A$2:$A$10,products!$C$2:$C$10,"UNKNOWN_ITEM") | O14: =N14*H14
A15: 1014 | B15: 2026-09 | C15: Aditya | D15: Rao | E15: East | F15: Sanjay Roy | G15: Smart Watch | H15: 1 | I15: 4500 | J15: completed | K15: =PROPER(TRIM(C15)) | L15: =PROPER(TRIM(D15)) | M15: =VLOOKUP(G15,products!$A$2:$C$10,2,FALSE) | N15: =XLOOKUP(G15,products!$A$2:$A$10,products!$C$2:$C$10,"UNKNOWN_ITEM") | O15: =N15*H15
A16: 1015 | B16: 2026-09 | C16: Lakshmi | D16: Kapoor | E16: South | F16: Kavya Nair | G16: Smart Watch | H16: 2 | I16: 9000 | J16: completed | K16: =PROPER(TRIM(C16)) | L16: =PROPER(TRIM(D16)) | M16: =VLOOKUP(G16,products!$A$2:$C$10,2,FALSE) | N16: =XLOOKUP(G16,products!$A$2:$A$10,products!$C$2:$C$10,"UNKNOWN_ITEM") | O16: =N16*H16
A17: 1016 | B17: 2026-09 | C17: Pooja | D17: Menon | E17: West | F17: Neha Kulkarni | G17: Denim Jacket | H17: 3 | I17: 7500 | J17: completed | K17: =PROPER(TRIM(C17)) | L17: =PROPER(TRIM(D17)) | M17: =VLOOKUP(G17,products!$A$2:$C$10,2,FALSE) | N17: =XLOOKUP(G17,products!$A$2:$A$10,products!$C$2:$C$10,"UNKNOWN_ITEM") | O17: =N17*H17
A18: 1017 | B18: 2026-09 | C18: Vikram | D18: Singh | E18: North | F18: Arjun Mehta | G18: Wireless Earbuds | H18: 1 | I18: 3200 | J18: completed | K18: =PROPER(TRIM(C18)) | L18: =PROPER(TRIM(D18)) | M18: =VLOOKUP(G18,products!$A$2:$C$10,2,FALSE) | N18: =XLOOKUP(G18,products!$A$2:$A$10,products!$C$2:$C$10,"UNKNOWN_ITEM") | O18: =N18*H18
A19: 1018 | B19: 2026-09 | C19: Manoj | D19: Desai | E19: North | F19: Arjun Mehta | G19: Bedsheet Set | H19: 2 | I19: 3800 | J19: completed | K19: =PROPER(TRIM(C19)) | L19: =PROPER(TRIM(D19)) | M19: =VLOOKUP(G19,products!$A$2:$C$10,2,FALSE) | N19: =XLOOKUP(G19,products!$A$2:$A$10,products!$C$2:$C$10,"UNKNOWN_ITEM") | O19: =N19*H19
A20: 1019 | B20: 2026-09 | C20: Vikram | D20: Singh | E20: North | F20: Arjun Mehta | G20: Running Shoes | H20: 2 | I20: 7200 | J20: completed | K20: =PROPER(TRIM(C20)) | L20: =PROPER(TRIM(D20)) | M20: =VLOOKUP(G20,products!$A$2:$C$10,2,FALSE) | N20: =XLOOKUP(G20,products!$A$2:$A$10,products!$C$2:$C$10,"UNKNOWN_ITEM") | O20: =N20*H20
A21: 1020 | B21: 2026-09 | C21: Tanvi | D21: Thakur | E21: South | F21: Kavya Nair | G21: Wireless Earbuds | H21: 2 | I21: 6400 | J21: completed | K21: =PROPER(TRIM(C21)) | L21: =PROPER(TRIM(D21)) | M21: =VLOOKUP(G21,products!$A$2:$C$10,2,FALSE) | N21: =XLOOKUP(G21,products!$A$2:$A$10,products!$C$2:$C$10,"UNKNOWN_ITEM") | O21: =N21*H21
A22: 1021 | B22: 2026-09 | C22: Manoj | D22: Desai | E22: North | F22: Arjun Mehta | G22: Air Fryer | H22: 2 | I22: 10400 | J22: completed | K22: =PROPER(TRIM(C22)) | L22: =PROPER(TRIM(D22)) | M22: =VLOOKUP(G22,products!$A$2:$C$10,2,FALSE) | N22: =XLOOKUP(G22,products!$A$2:$A$10,products!$C$2:$C$10,"UNKNOWN_ITEM") | O22: =N22*H22
A23: 1022 | B23: 2026-09 | C23: Vikram | D23: Singh | E23: North | F23: Arjun Mehta | G23: Air Fryer | H23: 2 | I23: 10400 | J23: completed | K23: =PROPER(TRIM(C23)) | L23: =PROPER(TRIM(D23)) | M23: =VLOOKUP(G23,products!$A$2:$C$10,2,FALSE) | N23: =XLOOKUP(G23,products!$A$2:$A$10,products!$C$2:$C$10,"UNKNOWN_ITEM") | O23: =N23*H23
... A64: 1063 | B64: 2026-11 | C64: MEERA | D64: Patil | E64: South | F64: Kavya Nair | G64: Air Fryer | H64: 1 | I64: 5200 | J64: pending | K64: =PROPER(TRIM(C64)) | L64: =PROPER(TRIM(D64)) | M64: =VLOOKUP(G64,products!$A$2:$C$10,2,FALSE) | N64: =XLOOKUP(G64,products!$A$2:$A$10,products!$C$2:$C$10,"UNKNOWN_ITEM") | O64: =N64*H64
A65: 1064 | B65: 2026-11 | C65: Isha | D65: Pillai | E65: West | F65: Neha Kulkarni | G65: Bluetooth Speaker | H65: 1 | J65: pending | K65: =PROPER(TRIM(C65)) | L65: =PROPER(TRIM(D65)) | M65: =VLOOKUP(G65,products!$A$2:$C$10,2,FALSE) | N65: =XLOOKUP(G65,products!$A$2:$A$10,products!$C$2:$C$10,"UNKNOWN_ITEM") | O65: =N65*H65
A66: 1065 | B66: 2026-11 | C66: Tanvi | D66: Thakur | E66: South | F66: Kavya Nair | G66: Air Fryer | H66: 3 | I66: 15600 | J66: completed | K66: =PROPER(TRIM(C66)) | L66: =PROPER(TRIM(D66)) | M66: =VLOOKUP(G66,products!$A$2:$C$10,2,FALSE) | N66: =XLOOKUP(G66,products!$A$2:$A$10,products!$C$2:$C$10,"UNKNOWN_ITEM") | O66: =N66*H66
A67: 1066 | B67: 2026-11 | C67: suresh | D67: BOSE | E67: North | F67: Arjun Mehta | G67: Wireless Earbuds | H67: 1 | I67: 3200 | J67: completed | K67: =PROPER(TRIM(C67)) | L67: =PROPER(TRIM(D67)) | M67: =VLOOKUP(G67,products!$A$2:$C$10,2,FALSE) | N67: =XLOOKUP(G67,products!$A$2:$A$10,products!$C$2:$C$10,"UNKNOWN_ITEM") | O67: =N67*H67
A68: 1067 | B68: 2026-11 | C68: Priya | D68: iyer | E68: South | F68: Kavya Nair | G68: Air Fryer | H68: 1 | I68: 5200 | J68: completed | K68: =PROPER(TRIM(C68)) | L68: =PROPER(TRIM(D68)) | M68: =VLOOKUP(G68,products!$A$2:$C$10,2,FALSE) | N68: =XLOOKUP(G68,products!$A$2:$A$10,products!$C$2:$C$10,"UNKNOWN_ITEM") | O68: =N68*H68
A69: 1068 | B69: 2026-11 | C69: Harsh | D69: Chopra | E69: East | F69: Sanjay Roy | G69: Air Fryer | H69: 1 | I69: 5200 | J69: pending | K69: =PROPER(TRIM(C69)) | L69: =PROPER(TRIM(D69)) | M69: =VLOOKUP(G69,products!$A$2:$C$10,2,FALSE) | N69: =XLOOKUP(G69,products!$A$2:$A$10,products!$C$2:$C$10,"UNKNOWN_ITEM") | O69: =N69*H69
A70: 1069 | B70: 2026-11 | C70: Aditya | D70: Rao | E70: East | F70: Sanjay Roy | G70: Air Fryer | H70: 3 | I70: 15600 | J70: completed | K70: =PROPER(TRIM(C70)) | L70: =PROPER(TRIM(D70)) | M70: =VLOOKUP(G70,products!$A$2:$C$10,2,FALSE) | N70: =XLOOKUP(G70,products!$A$2:$A$10,products!$C$2:$C$10,"UNKNOWN_ITEM") | O70: =N70*H70
A71: 1070 | B71: 2026-11 | C71: MEERA | D71: Patil | E71: South | F71: Kavya Nair | G71: Table Lamp | H71: 2 | I71: 2200 | J71: completed | K71: =PROPER(TRIM(C71)) | L71: =PROPER(TRIM(D71)) | M71: =VLOOKUP(G71,products!$A$2:$C$10,2,FALSE) | N71: =XLOOKUP(G71,products!$A$2:$A$10,products!$C$2:$C$10,"UNKNOWN_ITEM") | O71: =N71*H71
A72: 1071 | B72: 2026-11 | C72: Tanvi | D72: Thakur | E72: South | F72: Kavya Nair | G72: Air Fryer | H72: 1 | I72: 5200 | J72: pending | K72: =PROPER(TRIM(C72)) | L72: =PROPER(TRIM(D72)) | M72: =VLOOKUP(G72,products!$A$2:$C$10,2,FALSE) | N72: =XLOOKUP(G72,products!$A$2:$A$10,products!$C$2:$C$10,"UNKNOWN_ITEM") | O72: =N72*H72
A73: 1072 | B73: 2026-11 | C73: Isha | D73: Pillai | E73: West | F73: Neha Kulkarni | G73: Bedsheet Set | H73: 1 | I73: 1900 | J73: completed | K73: =PROPER(TRIM(C73)) | L73: =PROPER(TRIM(D73)) | M73: =VLOOKUP(G73,products!$A$2:$C$10,2,FALSE) | N73: =XLOOKUP(G73,products!$A$2:$A$10,products!$C$2:$C$10,"UNKNOWN_ITEM") | O73: =N73*H73
A74: 1073 | B74: 2026-11 | C74: Harsh | D74: Chopra | E74: East | F74: Sanjay Roy | G74: Smart Watch | H74: 1 | I74: 4500 | J74: completed | K74: =PROPER(TRIM(C74)) | L74: =PROPER(TRIM(D74)) | M74: =VLOOKUP(G74,products!$A$2:$C$10,2,FALSE) | N74: =XLOOKUP(G74,products!$A$2:$A$10,products!$C$2:$C$10,"UNKNOWN_ITEM") | O74: =N74*H74
A75: 1074 | B75: 2026-11 | C75: Nisha | D75: Mishra | E75: West | F75: Neha Kulkarni | G75: Running Shoes | H75: 2 | I75: 7200 | J75: completed | K75: =PROPER(TRIM(C75)) | L75: =PROPER(TRIM(D75)) | M75: =VLOOKUP(G75,products!$A$2:$C$10,2,FALSE) | N75: =XLOOKUP(G75,products!$A$2:$A$10,products!$C$2:$C$10,"UNKNOWN_ITEM") | O75: =N75*H75
A76: 1075 | B76: 2026-11 | C76: Sneha | D76: Das | E76: West | F76: Neha Kulkarni | G76: Running Shoes | H76: 1 | I76: 3600 | J76: pending | K76: =PROPER(TRIM(C76)) | L76: =PROPER(TRIM(D76)) | M76: =VLOOKUP(G76,products!$A$2:$C$10,2,FALSE) | N76: =XLOOKUP(G76,products!$A$2:$A$10,products!$C$2:$C$10,"UNKNOWN_ITEM") | O76: =N76*H76
A77: 1076 | B77: 2026-11 | C77: Gaurav | D77: Yadav | E77: East | F77: Sanjay Roy | G77: Cotton Kurta | H77: 2 | I77: 2800 | J77: completed | K77: =PROPER(TRIM(C77)) | L77: =PROPER(TRIM(D77)) | M77: =VLOOKUP(G77,products!$A$2:$C$10,2,FALSE) | N77: =XLOOKUP(G77,products!$A$2:$A$10,products!$C$2:$C$10,"UNKNOWN_ITEM") | O77: =N77*H77
... A91: 1090 | B91: 2026-11 | C91: karthik | D91: nair | E91: East | F91: Sanjay Roy | G91: Wireless Earbuds | H91: 3 | I91: 9600 | J91: completed | K91: =PROPER(TRIM(C91)) | L91: =PROPER(TRIM(D91)) | M91: =VLOOKUP(G91,products!$A$2:$C$10,2,FALSE) | N91: =XLOOKUP(G91,products!$A$2:$A$10,products!$C$2:$C$10,"UNKNOWN_ITEM") | O91: =N91*H91

Sheet products
A1: item | B1: category | C1: unit_price
A2: Air Fryer | B2: Home | C2: 5200
A3: Bedsheet Set | B3: Home | C3: 1900
A4: Bluetooth Speaker | B4: Electronics | C4: 2800
A5: Cotton Kurta | B5: Apparel | C5: 1400
A6: Denim Jacket | B6: Apparel | C6: 2500
A7: Running Shoes | B7: Apparel | C7: 3600
A8: Smart Watch | B8: Electronics | C8: 4500
A9: Table Lamp | B9: Home | C9: 1100
A10: Wireless Earbuds | B10: Electronics | C10: 3200

Sheet completed_orders
A1: order_id | B1: order_month | C1: clean_first_name | D1: clean_last_name | E1: region | F1: rep_name | G1: item | H1: category | I1: unit_price | J1: quantity | K1: amount | L1: revenue_calc | M1: status | O1: Amount statistics | R1: Pivot (i): Sum of amount by category and region
A2: 1061 | B2: 2026-11 | C2: Nisha | D2: Mishra | E2: West | F2: Neha Kulkarni | G2: Air Fryer | H2: Home | I2: 5200 | J2: 3 | K2: 15600 | L2: 15600 | M2: completed | O2: COUNT | P2: =COUNT(K2:K64) | R2: category | S2: East | T2: North | U2: South | V2: West | W2: Grand Total
A3: 1065 | B3: 2026-11 | C3: Tanvi | D3: Thakur | E3: South | F3: Kavya Nair | G3: Air Fryer | H3: Home | I3: 5200 | J3: 3 | K3: 15600 | L3: 15600 | M3: completed | O3: SUM | P3: =SUM(K2:K64) | R3: Apparel | S3: 10600 | T3: 19400 | U3: 10000 | V3: 37500 | W3: 77500
A4: 1069 | B4: 2026-11 | C4: Aditya | D4: Rao | E4: East | F4: Sanjay Roy | G4: Air Fryer | H4: Home | I4: 5200 | J4: 3 | K4: 15600 | L4: 15600 | M4: completed | O4: AVERAGE | P4: =AVERAGE(K2:K64) | R4: Electronics | S4: 21400 | T4: 73400 | U4: 28700 | V4: 18800 | W4: 142300
A5: 1077 | B5: 2026-11 | C5: Rahul | D5: Verma | E5: East | F5: Sanjay Roy | G5: Air Fryer | H5: Home | I5: 5200 | J5: 3 | K5: 15600 | L5: 15600 | M5: completed | O5: MIN | P5: =MIN(K2:K64) | R5: Home | S5: 37500 | T5: 26500 | U5: 43800 | V5: 18600 | W5: 126400
A6: 1006 | B6: 2026-09 | C6: Vikram | D6: Singh | E6: North | F6: Arjun Mehta | G6: Smart Watch | H6: Electronics | I6: 4500 | J6: 3 | K6: 13500 | L6: 13500 | M6: completed | O6: MAX | P6: =MAX(K2:K64) | R6: Grand Total | S6: 69500 | T6: 119300 | U6: 82500 | V6: 74900 | W6: 346200
A7: 1040 | B7: 2026-10 | C7: Aarav | D7: Sharma | E7: North | F7: Arjun Mehta | G7: Smart Watch | H7: Electronics | I7: 4500 | J7: 3 | K7: 13500 | L7: 13500 | M7: completed
A8: 1021 | B8: 2026-09 | C8: Manoj | D8: Desai | E8: North | F8: Arjun Mehta | G8: Air Fryer | H8: Home | I8: 5200 | J8: 2 | K8: 10400 | L8: 10400 | M8: completed
A9: 1022 | B9: 2026-09 | C9: Vikram | D9: Singh | E9: North | F9: Arjun Mehta | G9: Air Fryer | H9: Home | I9: 5200 | J9: 2 | K9: 10400 | L9: 10400 | M9: completed | R9: Pivot (ii): Sum of amount and count of order_id by order_month
A10: 1083 | B10: 2026-11 | C10: Lakshmi | D10: Kapoor | E10: South | F10: Kavya Nair | G10: Air Fryer | H10: Home | I10: 5200 | J10: 2 | K10: 10400 | L10: 10400 | M10: completed | R10: order_month | S10: Sum of amount | T10: Count of order_id
A11: 1054 | B11: 2026-10 | C11: Manoj | D11: Desai | E11: North | F11: Arjun Mehta | G11: Wireless Earbuds | H11: Electronics | I11: 3200 | J11: 3 | K11: 9600 | L11: 9600 | M11: completed | R11: 2026-09 | S11: 98300 | T11: 19
A12: 1090 | B12: 2026-11 | C12: Karthik | D12: Nair | E12: East | F12: Sanjay Roy | G12: Wireless Earbuds | H12: Electronics | I12: 3200 | J12: 3 | K12: 9600 | L12: 9600 | M12: completed | R12: 2026-10 | S12: 93100 | T12: 20
A13: 1015 | B13: 2026-09 | C13: Lakshmi | D13: Kapoor | E13: South | F13: Kavya Nair | G13: Smart Watch | H13: Electronics | I13: 4500 | J13: 2 | K13: 9000 | L13: 9000 | M13: completed | R13: 2026-11 | S13: 154800 | T13: 24
A14: 1049 | B14: 2026-10 | C14: Aarav | D14: Sharma | E14: North | F14: Arjun Mehta | G14: Smart Watch | H14: Electronics | I14: 4500 | J14: 2 | K14: 9000 | L14: 9000 | M14: completed | R14: Grand Total | S14: 346200 | T14: 63
A15: 1016 | B15: 2026-09 | C15: Pooja | D15: Menon | E15: West | F15: Neha Kulkarni | G15: Denim Jacket | H15: Apparel | I15: 2500 | J15: 3 | K15: 7500 | L15: 7500 | M15: completed
A16: 1019 | B16: 2026-09 | C16: Vikram | D16: Singh | E16: North | F16: Arjun Mehta | G16: Running Shoes | H16: Apparel | I16: 3600 | J16: 2 | K16: 7200 | L16: 7200 | M16: completed
A17: 1034 | B17: 2026-10 | C17: Divya | D17: Gupta | E17: West | F17: Neha Kulkarni | G17: Running Shoes | H17: Apparel | I17: 3600 | J17: 2 | K17: 7200 | L17: 7200 | M17: completed
A18: 1074 | B18: 2026-11 | C18: Nisha | D18: Mishra | E18: West | F18: Neha Kulkarni | G18: Running Shoes | H18: Apparel | I18: 3600 | J18: 2 | K18: 7200 | L18: 7200 | M18: completed
A19: 1086 | B19: 2026-11 | C19: Manoj | D19: Desai | E19: North | F19: Arjun Mehta | G19: Running Shoes | H19: Apparel | I19: 3600 | J19: 2 | K19: 7200 | L19: 7200 | M19: completed
A20: 1008 | B20: 2026-09 | C20: Sneha | D20: Das | E20: West | F20: Neha Kulkarni | G20: Wireless Earbuds | H20: Electronics | I20: 3200 | J20: 2 | K20: 6400 | L20: 6400 | M20: completed
A21: 1020 | B21: 2026-09 | C21: Tanvi | D21: Thakur | E21: South | F21: Kavya Nair | G21: Wireless Earbuds | H21: Electronics | I21: 3200 | J21: 2 | K21: 6400 | L21: 6400 | M21: completed
A22: 1062 | B22: 2026-11 | C22: Isha | D22: Pillai | E22: West | F22: Neha Kulkarni | G22: Wireless Earbuds | H22: Electronics | I22: 3200 | J22: 2 | K22: 6400 | L22: 6400 | M22: completed
A23: 1081 | B23: 2026-11 | C23: Vikram | D23: Singh | E23: North | F23: Arjun Mehta | G23: Wireless Earbuds | H23: Electronics | I23: 3200 | J23: 2 | K23: 6400 | L23: 6400 | M23: completed
A24: 1059 | B24: 2026-11 | C24: Priya | D24: Iyer | E24: South | F24: Kavya Nair | G24: Bluetooth Speaker | H24: Electronics | I24: 2800 | J24: 2 | K24: 5600 | L24: 5600 | M24: completed
A25: 1053 | B25: 2026-10 | C25: Tanvi | D25: Thakur | E25: South | F25: Kavya Nair | G25: Air Fryer | H25: Home | I25: 5200 | J25: 1 | K25: 5200 | L25: 5200 | M25: completed
A26: 1067 | B26: 2026-11 | C26: Priya | D26: Iyer | E26: South | F26: Kavya Nair | G26: Air Fryer | H26: Home | I26: 5200 | J26: 1 | K26: 5200 | L26: 5200 | M26: completed
... A64: 1089 | B64: 2026-11 | C64: Meera | D64: Patil | E64: South | F64: Kavya Nair | G64: Table Lamp | H64: Home | I64: 1100 | J64: 1 | K64: 1100 | L64: 1100 | M64: completed
